company ,description,first_name,last_name,contact_title,city,state,zip,phone,email,Industry (Sample),Lead Source (Sample),Lead Type (Sample)
James Butt,The information on this Lead is for testing purposes only. It was imported via the Sample Lead Importer.,James,Butt,,New Orleans,LA,70116,18653284534,sampleimporter1.bbw81@zapiermail.com,Finance,Sample Lead Importer,B2C
Josephine Darakjy,The information on this Lead is for testing purposes only. It was imported via the Sample Lead Importer.,Josephine,Darakjy,,Brighton,MI,48116,17045869022,sampleimporter2.bbw81@zapiermail.com,Finance,Sample Lead Importer,B2C
Art Venere,The information on this Lead is for testing purposes only. It was imported via the Sample Lead Importer.,Art,Venere,,Bridgeport,NJ,8014,18647124825,sampleimporter3.bbw81@zapiermail.com,Finance,Sample Lead Importer,B2C
Lenna Paprocki,The information on this Lead is for testing purposes only. It was imported via the Sample Lead Importer.,Lenna,Paprocki,,Anchorage,AK,99501,16193045046,sampleimporter4.bbw81@zapiermail.com,Finance,Sample Lead Importer,B2C
Donette Foller,The information on this Lead is for testing purposes only. It was imported via the Sample Lead Importer.,Donette,Foller,,Hamilton,OH,45011,19522608319,sampleimporter5.bbw81@zapiermail.com,Finance,Sample Lead Importer,B2C
Simona Morasca,The information on this Lead is for testing purposes only. It was imported via the Sample Lead Importer.,Simona,Morasca,,Ashland,OH,44805,12242191734,sampleimporter6.bbw81@zapiermail.com,Finance,Sample Lead Importer,B2C
Mitsue Tollner,The information on this Lead is for testing purposes only. It was imported via the Sample Lead Importer.,Mitsue,Tollner,,Chicago,IL,60632,18482334209,sampleimporter7.bbw81@zapiermail.com,Media,Sample Lead Importer,B2C
Leota Dilliard,The information on this Lead is for testing purposes only. It was imported via the Sample Lead Importer.,Leota,Dilliard,,San Jose,CA,95111,16012286996,sampleimporter8.bbw81@zapiermail.com,Media,Sample Lead Importer,B2C
Sage Wieser,The information on this Lead is for testing purposes only. It was imported via the Sample Lead Importer.,Sage,Wieser,,Sioux Falls,SD,57105,15046081824,sampleimporter9.bbw81@zapiermail.com,Media,Sample Lead Importer,B2C
Kris Marrier,The information on this Lead is for testing purposes only. It was imported via the Sample Lead Importer.,Kris,Marrier,,Baltimore,MD,21224,14155989797,sampleimporter10.bbw81@zapiermail.com,Media,Sample Lead Importer,B2C
Minna Amigon,The information on this Lead is for testing purposes only. It was imported via the Sample Lead Importer.,Minna,Amigon,,Kulpsville,PA,19443,,,Media,Sample Lead Importer,B2C
Abel Maclead,The information on this Lead is for testing purposes only. It was imported via the Sample Lead Importer.,Abel,Maclead,,Middle Island,NY,11953,,,Media,Sample Lead Importer,B2C
Kiley Caldarera,The information on this Lead is for testing purposes only. It was imported via the Sample Lead Importer.,Kiley,Caldarera,,Los Angeles,CA,90034,,,Healthcare,Sample Lead Importer,B2C
Graciela Ruta,The information on this Lead is for testing purposes only. It was imported via the Sample Lead Importer.,Graciela,Ruta,,Chagrin Falls,OH,44023,,,Healthcare,Sample Lead Importer,B2C
Cammy Albares,The information on this Lead is for testing purposes only. It was imported via the Sample Lead Importer.,Cammy,Albares,,Laredo,TX,78045,,,Healthcare,Sample Lead Importer,B2C
Mattie Poquette,The information on this Lead is for testing purposes only. It was imported via the Sample Lead Importer.,Mattie,Poquette,,Phoenix,AZ,85013,,,Healthcare,Sample Lead Importer,B2C
Meaghan Garufi,The information on this Lead is for testing purposes only. It was imported via the Sample Lead Importer.,Meaghan,Garufi,,Mc Minnville,TN,37110,,,Healthcare,Sample Lead Importer,B2C
Gladys Rim,The information on this Lead is for testing purposes only. It was imported via the Sample Lead Importer.,Gladys,Rim,,Milwaukee,WI,53207,,,Healthcare,Sample Lead Importer,B2C
Yuki Whobrey,The information on this Lead is for testing purposes only. It was imported via the Sample Lead Importer.,Yuki,Whobrey,,Taylor,MI,48180,,,Professional services,Sample Lead Importer,B2C
Fletcher Flosi,The information on this Lead is for testing purposes only. It was imported via the Sample Lead Importer.,Fletcher,Flosi,,Rockford,IL,61109,,,Professional services,Sample Lead Importer,B2C
Bette Nicka,The information on this Lead is for testing purposes only. It was imported via the Sample Lead Importer.,Bette,Nicka,,Aston,PA,19014,,,Professional services,Sample Lead Importer,B2C
Veronika Inouye,The information on this Lead is for testing purposes only. It was imported via the Sample Lead Importer.,Veronika,Inouye,,San Jose,CA,95111,,,Professional services,Sample Lead Importer,B2C
Willard Kolmetz,The information on this Lead is for testing purposes only. It was imported via the Sample Lead Importer.,Willard,Kolmetz,,Irving,TX,75062,,,Professional services,Sample Lead Importer,B2C
Maryann Royster,The information on this Lead is for testing purposes only. It was imported via the Sample Lead Importer.,Maryann,Royster,,Albany,NY,12204,,,Professional services,Sample Lead Importer,B2C
Alisha Slusarski,The information on this Lead is for testing purposes only. It was imported via the Sample Lead Importer.,Alisha,Slusarski,,Middlesex,NJ,8846,,,Professional services,Sample Lead Importer,B2C
Allene Iturbide,The information on this Lead is for testing purposes only. It was imported via the Sample Lead Importer.,Allene,Iturbide,,Stevens Point,WI,54481,,,Hospitality,Sample Lead Importer,B2C
Chanel Caudy,The information on this Lead is for testing purposes only. It was imported via the Sample Lead Importer.,Chanel,Caudy,,Shawnee,KS,66218,,,Hospitality,Sample Lead Importer,B2C
Ezekiel Chui,The information on this Lead is for testing purposes only. It was imported via the Sample Lead Importer.,Ezekiel,Chui,,Easton,MD,21601,,,Hospitality,Sample Lead Importer,B2C